"           TIME(S)","              PRES","              TEMP","             SAT_G","             SAT_L"
  0.12825000002E+007,  0.11628445757E+006,  0.37032000000E+002,  0.89894268550E+000,  0.10105731450E+000
  0.12825000005E+007,  0.11628445757E+006,  0.37032000000E+002,  0.89894268550E+000,  0.10105731450E+000
  0.12825000007E+007,  0.11628445757E+006,  0.37032000000E+002,  0.89894268550E+000,  0.10105731450E+000
