"           TIME(S)","              PRES","              TEMP","             SAT_G","             SAT_L"
  0.12825000002E+007,  0.77597138460E+006,  0.10885142250E+002,  0.00000000000E+000,  0.10000000000E+001
  0.12825000005E+007,  0.77597138460E+006,  0.10885142250E+002,  0.00000000000E+000,  0.10000000000E+001
  0.12825000007E+007,  0.77597138460E+006,  0.10885142250E+002,  0.00000000000E+000,  0.10000000000E+001
