"           TIME(S)","              PRES","              TEMP","             SAT_G","             SAT_L"
  0.12825000002E+007,  0.10134348327E+006,  0.98939580893E+001,  0.89954150190E+000,  0.10045849810E+000
  0.12825000005E+007,  0.10134348327E+006,  0.98939580893E+001,  0.89954150190E+000,  0.10045849810E+000
  0.12825000007E+007,  0.10134348327E+006,  0.98939580893E+001,  0.89954150190E+000,  0.10045849810E+000
