"           TIME(S)","              PRES","              TEMP","             SAT_G","             SAT_L"
  0.12825000002E+007,  0.10134352592E+006,  0.98939581166E+001,  0.89954150160E+000,  0.10045849840E+000
  0.12825000005E+007,  0.10134352592E+006,  0.98939581166E+001,  0.89954150160E+000,  0.10045849840E+000
  0.12825000007E+007,  0.10134352592E+006,  0.98939581166E+001,  0.89954150160E+000,  0.10045849840E+000
